OBJECTID,STATE_ABBR,STATE_FIPS,STATE_NAME,StateFIPSN,State,AllAge_B_AA_Rate,AllAge_B_Lower_CI,AllAge_B_Upper_CI,AllAge_B_Average_Count,AllAge_B_Recent_Trend,AllAge_B_Recent_5yr_Trend,AllAge_B_Lower_Trend_CI,AllAge_B_Upper_Trend_CI,AllAge_M_AA_Rate,AllAge_M_Lower_CI,AllAge_M_Upper_CI,AllAge_M_Average_Count,AllAge_M_Recent_Trend,AllAge_M_Recent_5yr_Trend,AllAge_M_Lower_Trend_CI,AllAge_M_Upper_Trend_CI,AllAge_F_AA_Rate,AllAge_F_Lower_CI,AllAge_F_Upper_CI,AllAge_F_Average_Count,AllAge_F_Recent_Trend,AllAge_F_Recent_5yr_Trend,AllAge_F_Lower_Trend_CI,AllAge_F_Upper_Trend_CI,Under50_B_AA_Rate,Under50_B_Lower_CI,Under50_B_Upper_CI,Under50_B_Average_Count,Under50_B_Recent_Trend,Under50_B_Recent_5yr_Trend,Under50_B_Lower_Trend_CI,Under50_B_Upper_Trend_CI,Under50_M_AA_Rate,Under50_M_Lower_CI,Under50_M_Upper_CI,Under50_M_Average_Count,Under50_M_Recent_Trend,Under50_M_Recent_5yr_Trend,Under50_M_Lower_Trend_CI,Under50_M_Upper_Trend_CI,Under50_F_AA_Rate,Under50_F_Lower_CI,Under50_F_Upper_CI,Under50_F_Average_Count,Under50_F_Recent_Trend,Under50_F_Recent_5yr_Trend,Under50_F_Lower_Trend_CI,Under50_F_Upper_Trend_CI,Age50over_B_AA_Rate,Age50over_B_Lower_CI,Age50over_B_Upper_CI,Age50over_B_Average_Count,Age50over_B_Recent_Trend,Age50over_B_Recent_5yr_Trend,Age50over_B_Lower_Trend_CI,Age50over_B_Upper_Trend_CI,Age50over_M_AA_Rate,Age50over_M_Lower_CI,Age50over_M_Upper_CI,Age50over_M_Average_Count,Age50over_M_Recent_Trend,Age50over_M_Recent_5yr_Trend,Age50over_M_Lower_Trend_CI,Age50over_M_Upper_Trend_CI,Age50over_F_AA_Rate,Age50over_F_Lower_CI,Age50over_F_Upper_CI,Age50over_F_Average_Count,Age50over_F_Recent_Trend,Age50over_F_Recent_5yr_Trend,Age50over_F_Lower_Trend_CI,Age50over_F_Upper_Trend_CI,Under65_B_AA_Rate,Under65_B_Lower_CI,Under65_B_Upper_CI,Under65_B_Average_Count,Under65_B_Recent_Trend,Under65_B_Recent_5yr_Trend,Under65_B_Lower_Trend_CI,Under65_B_Upper_Trend_CI,Under65_M_AA_Rate,Under65_M_Lower_CI,Under65_M_Upper_CI,Under65_M_Average_Count,Under65_M_Recent_Trend,Under65_M_Recent_5yr_Trend,Under65_M_Lower_Trend_CI,Under65_M_Upper_Trend_CI,Under65_F_AA_Rate,Under65_F_Lower_CI,Under65_F_Upper_CI,Under65_F_Average_Count,Under65_F_Recent_Trend,Under65_F_Recent_5yr_Trend,Under65_F_Lower_Trend_CI,Under65_F_Upper_Trend_CI,Age65over_B_AA_Rate,Age65over_B_Lower_CI,Age65over_B_Upper_CI,Age65over_B_Average_Count,Age65over_B_Recent_Trend,Age65over_B_Recent_5yr_Trend,Age65over_B_Lower_Trend_CI,Age65over_B_Upper_Trend_CI,Age65over_M_AA_Rate,Age65over_M_Lower_CI,Age65over_M_Upper_CI,Age65over_M_Average_Count,Age65over_M_Recent_Trend,Age65over_M_Recent_5yr_Trend,Age65over_M_Lower_Trend_CI,Age65over_M_Upper_Trend_CI,Age65over_F_AA_Rate,Age65over_F_Lower_CI,Age65over_F_Upper_CI,Age65over_F_Average_Count,Age65over_F_Recent_Trend,Age65over_F_Recent_5yr_Trend,Age65over_F_Lower_Trend_CI,Age65over_F_Upper_Trend_CI,Shape__Area,Shape__Length
1,AL,01,Alabama,1,"Alabama(6,8)",60.11,59.25,60.97,3904.4,falling,-2.23,-2.61,-1.94,75.81,74.37,77.28,2201.2,falling,-3.05,-3.68,-2.64,47.89,46.86,48.94,1703.2,falling,-1.3,-2.93,-0.82,3.71,3.4,4.03,107.2,falling,-6.06,-11.69,-5,3.8,3.36,4.29,53,falling,-7.09,-9.75,-6.06,3.62,3.2,4.08,54.2,falling,-3.9,-5.87,-2.21,207.98,204.99,211,3797.2,falling,-1.99,-2.43,-1.67,264.58,259.47,269.76,2148.2,falling,-2.97,-3.86,-2.46,163.99,160.43,167.6,1649,falling,-1.04,-1.91,-0.63,22.67,22.11,23.24,1316.2,falling,-2,-2.29,-1.71,26.59,25.71,27.48,744.6,falling,-2.61,-3.06,-2.17,19.1,18.38,19.85,571.6,falling,-1.11,-1.73,-0.48,318.87,313.35,324.48,2588.2,falling,-2.23,-2.6,-1.92,416.1,406.38,426,1456.6,falling,-3.2,-4,-2.68,246.85,240.41,253.41,1131.6,falling,-1.44,-2.52,-0.83,189880804279.291,3287525.50147372
2,AK,02,Alaska,2,"Alaska(6,8)",52.59,50.09,55.18,376.4,falling,-2.96,-3.74,-2.6,57.01,53.2,61.01,199.2,falling,-3.09,-3.66,-2.47,48.92,45.6,52.42,177.2,falling,-2.17,-3.31,-0.92,2.35,1.74,3.09,10,falling,-9,-9,-9,1.97,1.23,2.97,4.4,falling,-9,-9,-9,2.77,1.83,3.99,5.6,falling,-9,-9,-9,184.26,175.36,193.49,366.4,falling,-2.82,-5.27,-2.29,201.24,187.61,215.57,194.8,falling,-2.97,-3.56,-2.33,169.92,158.18,182.29,171.6,falling,-2.07,-3.33,-0.7,14.71,13.54,15.95,124.4,falling,-2.89,-3.77,-1.99,13.85,12.31,15.55,61.4,falling,-3.67,-4.79,-2.57,15.64,13.9,17.54,63,falling,-1.85,-3.23,-0.38,314.45,296.45,333.26,252,falling,-3.03,-5.86,-2.4,355.35,327.3,385.18,137.8,falling,-2.91,-3.5,-2.25,278.98,255.75,303.76,114.2,falling,-2.4,-3.94,-0.69,8202565287862.59,80993965.6622446
3,AZ,04,Arizona,4,"Arizona(6,8)",41.63,41.05,42.22,3977.8,falling,-3.56,-5.07,-2.73,45.09,44.21,46,2006.6,falling,-4.13,-6.99,-2.99,38.74,37.97,39.53,1971.2,falling,-2.4,-3.76,-1.84,1.89,1.7,2.08,78.2,falling,-5.16,-6.04,-4.38,1.72,1.47,1.99,35.4,falling,-6.45,-8.06,-5.12,2.06,1.79,2.35,42.8,falling,-5.8,-14.07,-4.18,145.78,143.73,147.86,3899.4,falling,-3.52,-4.95,-2.67,158.74,155.6,161.94,1971,falling,-4.14,-6.95,-2.95,134.91,132.21,137.66,1928.4,falling,-2.25,-3.27,-1.74,11.31,10.97,11.66,891.8,falling,-3.53,-3.99,-3.07,11.47,10.99,11.98,439,falling,-4.17,-4.84,-3.52,11.19,10.72,11.68,452.8,falling,-2.83,-3.46,-2.18,251.21,247.24,255.23,3086,falling,-3.14,-4.05,-2.53,277.49,271.33,283.75,1567.6,falling,-4.2,-6.98,-2.93,229.19,224.03,234.44,1518.4,falling,-2.32,-3.35,-1.66,434065931287.855,2904324.90944456
4,AR,05,Arkansas,5,"Arkansas(6,8)",71.32,70.13,72.52,2824.2,falling,-0.66,-1.07,-0.22,86.54,84.6,88.52,1563.6,falling,-1.54,-1.89,-1.17,59.28,57.8,60.79,1260.6,stable,0.38,-0.08,0.87,4.45,4.02,4.92,77.2,falling,-4.13,-5.85,-2.7,3.93,3.36,4.57,33.8,falling,-6.17,-8.53,-4.32,4.96,4.32,5.66,43.4,stable,-1.94,-4.21,0.11,246.63,242.48,250.84,2747,falling,-0.45,-0.86,-0.02,303.07,296.2,310.05,1529.8,falling,-1.32,-1.77,-0.84,201.78,196.69,206.97,1217.2,rising,0.55,0.15,0.99,25.77,24.99,26.57,881.6,falling,-1.56,-2.04,-1.08,28.12,26.97,29.31,473.4,falling,-2.38,-2.96,-1.8,23.61,22.56,24.7,408.2,stable,1.05,-0.88,4.79,386.17,378.47,393.99,1942.6,falling,-1.38,-2.85,-0.28,490.38,477.25,503.78,1090.2,falling,-1.18,-1.58,-0.74,305.83,296.66,315.21,852.4,stable,-0.67,-3.01,0.88,205401460434.09,2675352.42128439
5,CA,06,California,6,"California(7,8)",37.57,37.31,37.83,16658.4,falling,-2.49,-2.9,-1.82,41.76,41.35,42.17,8314,falling,-2.96,-3.8,-1.69,34.4,34.07,34.74,8344.4,falling,-2.29,-2.76,-2.08,1.8,1.73,1.88,449.4,stable,-0.3,-3.88,2.03,1.63,1.53,1.73,204,stable,-0.36,-4.72,2.15,1.98,1.87,2.09,245.4,falling,-3.3,-4.02,-2.67,131.23,130.31,132.15,16209,falling,-2.51,-2.94,-1.84,146.86,145.4,148.32,8110,falling,-2.98,-3.78,-1.76,119.3,118.13,120.48,8099,falling,-2.3,-2.89,-2.04,9.47,9.34,9.6,4100.4,falling,-2.66,-3.28,-1.46,9.62,9.43,9.81,2055.8,falling,-3.2,-4.67,-1.14,9.35,9.16,9.54,2044.6,falling,-2.07,-2.9,-0.23,231.79,229.96,233.63,12558,falling,-2.72,-3.06,-2.46,263.94,260.98,266.93,6258.2,falling,-3.3,-3.9,-2.96,207.56,205.25,209.89,6299.8,falling,-2.45,-2.86,-2.12,649190095223.754,7813037.97264953
6,CO,08,Colorado,8,"Colorado(6,8)",38.32,37.62,39.03,2417.4,falling,-2.65,-3.48,-1.53,40.01,38.94,41.09,1155.2,falling,-3.48,-4.16,-3.11,37.24,36.31,38.19,1262.2,falling,-1.82,-3.34,-1.44,1.88,1.68,2.09,67.2,falling,-3.25,-4.96,-1.7,1.59,1.35,1.87,29.6,falling,-4.25,-5.83,-2.86,2.17,1.87,2.51,37.6,falling,-2.32,-4.18,-0.58,133.83,131.36,136.33,2350,falling,-2.59,-4.15,-1.23,140.68,136.89,144.55,1125.6,falling,-3.44,-4.1,-3.06,129.15,125.87,132.49,1224.4,falling,-1.42,-1.7,-1.12,9.88,9.53,10.24,637,falling,-2.65,-3.06,-2.23,9.28,8.8,9.77,297.4,falling,-3.23,-3.96,-2.5,10.49,9.98,11.02,339.6,falling,-2.05,-2.69,-1.39,234.89,229.93,239.92,1780.4,falling,-2.59,-3.12,-2.11,252.43,244.69,260.34,857.8,falling,-3.02,-3.37,-2.65,222.16,215.69,228.77,922.6,falling,-2.18,-4.41,-1.37,447314026441.762,2707521.4009179
7,CT,09,Connecticut,9,"Connecticut(7,8)",55.17,54.22,56.13,2672,falling,-1.6,-2.1,-1.28,58.95,57.48,60.45,1269.6,falling,-2.12,-2.97,-1.84,52.62,51.37,53.89,1402.4,falling,-1.05,-1.68,-0.64,2.69,2.39,3.02,58.6,falling,-4.38,-10.01,-3.5,2.39,2,2.85,25.6,falling,-3.43,-4.29,-2.72,2.97,2.53,3.46,33,falling,-3.13,-3.76,-2.59,192.6,189.26,195.98,2613.4,falling,-1.48,-2.02,-1.14,207.05,201.84,212.37,1244,falling,-2.04,-3.05,-1.75,182.62,178.26,187.06,1369.4,falling,-0.88,-1.59,-0.43,16.05,15.51,16.59,729.8,falling,-2.35,-2.54,-2.17,15.77,15.02,16.55,351.6,falling,-3.08,-5.31,-2.81,16.31,15.56,17.1,378.2,falling,-1.86,-2.15,-1.56,325.61,319.09,332.23,1942.2,falling,-1.45,-2.02,-1.03,357.44,347.03,368.08,918,falling,-2.21,-3.86,-1.6,303.57,295.19,312.13,1024.2,falling,-0.94,-1.85,-0.29,22983470669.9453,2065475.20587206
8,DE,10,Delaware,10,"Delaware(6,8)",56.96,55.16,58.81,792.6,falling,-5.82,-9.38,-2.33,62.43,59.62,65.35,390.2,falling,-2.66,-3.44,-1.84,52.68,50.35,55.09,402.4,falling,-5.73,-10.33,-1.32,3.48,2.81,4.26,18.8,falling,-3.35,-5.85,-1.12,4.15,3.11,5.42,10.8,stable,-2.7,-5.99,0.23,2.84,2.03,3.88,8,falling,-20.85,-43.92,-2.47,197.18,190.93,203.59,773.8,falling,-5.2,-10.31,-0.71,215.23,205.47,225.35,379.4,falling,-6.89,-12.47,-2.02,183.31,175.2,191.7,394.4,stable,-1.93,-8.08,0.71,18.44,17.32,19.62,220,falling,-3.14,-3.8,-2.47,19.03,17.38,20.82,105.6,falling,-3.5,-4.86,-2.19,17.88,16.39,19.5,114.4,falling,-2.79,-4.46,-1.12,323.26,311.37,335.48,572.6,falling,-5.47,-10.46,-0.91,362.39,343.45,382.12,284.6,falling,-8.01,-12.16,-3.05,293.19,278.09,308.91,288,falling,-1.7,-3.23,-1.06,8452721807.82813,1539682.1544004
9,DC,11,District of Columbia,11,"District of Columbia(6,8)",42.81,40.62,45.1,295.2,stable,0.35,-2.37,3.14,47.76,44.2,51.53,140.2,stable,3.34,-0.03,6.8,39.42,36.64,42.35,155,falling,-3.48,-9.32,-1.36,2.43,1.79,3.21,10,falling,-9,-9,-9,2.73,1.81,3.95,5.6,falling,-9,-9,-9,2.13,1.32,3.25,4.4,falling,-9,-9,-9,148.69,140.95,156.74,285.2,stable,0.67,-5.44,5.95,165.82,153.21,179.18,134.6,stable,3.12,-0.78,7.24,137.15,127.39,147.47,150.6,falling,-2.7,-8.55,-0.42,15.26,13.93,16.68,100,falling,-5.85,-11.96,-3.67,15.59,13.68,17.72,48.6,falling,-5.05,-6.11,-4.06,14.92,13.11,16.91,51.4,falling,-1.92,-3.45,-0.4,233.3,218.67,248.64,195.2,stable,2.91,-0.01,6.13,270.12,245.5,296.54,91.6,rising,5.36,2.46,8.5,208.76,190.89,227.83,103.6,stable,-0.7,-1.62,0.28,264381583.878906,135566.315432233
10,FL,12,Florida,12,"Florida(6,8)",54.4,54.04,54.77,17676.6,falling,-2.2,-2.93,-2.03,61.17,60.6,61.74,9133,falling,-2.86,-3.78,-2.66,48.85,48.38,49.33,8543.6,falling,-1.54,-2.64,-1.29,3.19,3.05,3.34,397.8,falling,-5.89,-7.85,-5.47,3.13,2.93,3.33,193,falling,-4.16,-5.93,-0.54,3.26,3.06,3.46,204.8,falling,-5.66,-9.01,-4.92,188.66,187.39,189.93,17278.6,falling,-2.04,-2.55,-1.87,213.3,211.31,215.3,8939.8,falling,-2.74,-3.79,-2.5,168.42,166.79,170.06,8338.8,falling,-1.29,-2.39,-1.02,18.66,18.42,18.91,4737.8,falling,-2.73,-2.98,-2.47,19.74,19.38,20.11,2411.2,falling,-3.38,-3.62,-3.13,17.7,17.37,18.04,2326.6,falling,-1.96,-2.27,-1.63,301.48,299.15,303.82,12938.8,falling,-1.37,-2.12,-0.83,347.52,343.8,351.27,6721.8,falling,-2.58,-3.44,-2.34,264.16,261.22,267.13,6217,stable,-0.56,-1.59,0.29,190771528482.09,25999259.5169228
11,GA,13,Georgia,13,"Georgia(7,8)",57.9,57.28,58.53,6884.6,falling,-2.05,-2.98,-1.74,70.26,69.22,71.32,3705,falling,-4.6,-5.64,-3.82,48.46,47.7,49.23,3179.6,falling,-1.2,-1.67,-0.87,2.73,2.56,2.91,185.2,falling,-2.91,-6.64,-0.28,2.82,2.57,3.09,92.8,falling,-5.98,-7.06,-5.11,2.65,2.41,2.9,92.4,falling,-5.87,-7.06,-5.03,202.37,200.16,204.59,6699.4,falling,-1.85,-3.48,-1.49,246.86,243.14,250.63,3612.2,falling,-4.61,-5.77,-3.78,168.42,165.74,171.13,3087.2,falling,-0.99,-1.56,-0.64,18.48,18.13,18.84,2192.4,falling,-2.71,-2.97,-2.46,20.89,20.36,21.44,1188.8,falling,-3.43,-3.78,-3.09,16.31,15.85,16.77,1003.6,falling,-1.7,-2.17,-1.21,330.36,326.07,334.69,4692.2,falling,-1.79,-2.33,-1.45,411.55,404.16,419.05,2516.2,falling,-4.62,-5.59,-3.56,270.69,265.57,275.89,2176,falling,-0.88,-1.64,-0.42,215207972112.184,7567784.1882867
12,HI,15,Hawaii,15,"Hawaii(7,8)",41.69,40.39,43.02,815.4,falling,-1.64,-4.69,-1.06,49.63,47.55,51.78,447.6,falling,-1.49,-1.87,-1.09,35.22,33.57,36.93,367.8,falling,-0.92,-5.58,-0.21,2.24,1.81,2.74,18.8,falling,-2.71,-3.85,-1.72,1.99,1.44,2.69,8.6,falling,-9,-9,-9,2.48,1.85,3.27,10.2,falling,-9,-9,-9,144.99,140.43,149.65,796.6,falling,-1.44,-4.62,-0.91,174.36,167,181.96,439,falling,-1.39,-1.78,-0.99,120.93,115.26,126.8,357.6,falling,-0.76,-4.04,-0.13,12,11.23,12.81,192.8,falling,-2.26,-2.56,-1.95,13.22,12.08,14.44,106,falling,-2.95,-3.43,-2.47,10.83,9.79,11.95,86.8,falling,-1.29,-1.74,-0.81,246.91,238.15,255.91,622.6,falling,-1.29,-4.31,-0.59,301.3,286.91,316.22,341.6,falling,-1.98,-6.59,-1.04,203.79,193.03,214.98,281,stable,-0.47,-4.81,0.32,19028075332.0859,2056815.06879453
13,ID,16,Idaho,16,"Idaho(7,8)",45.99,44.69,47.33,977.4,falling,-1.29,-1.66,-0.9,48.8,46.84,50.83,490.4,falling,-2.26,-2.75,-1.75,43.69,41.94,45.49,487,falling,-0.77,-2.55,-0.28,1.85,1.5,2.26,18.8,falling,-9,-9,-9,1.88,1.38,2.49,9.6,falling,-9,-9,-9,1.82,1.33,2.43,9.2,falling,-9,-9,-9,161.58,156.97,166.3,958.6,falling,-1.17,-1.56,-0.77,171.68,164.72,178.85,480.8,falling,-2.15,-2.74,-1.53,153.31,147.13,159.68,477.8,stable,-0.17,-0.61,0.3,11.8,11.1,12.52,230.6,falling,-2.29,-2.84,-1.72,11.29,10.33,12.31,108.8,falling,-3.05,-3.8,-2.32,12.29,11.3,13.35,121.8,falling,-1.45,-2.14,-0.73,282.38,273.26,291.72,746.8,falling,-0.98,-1.39,-0.55,308.12,294.14,322.6,381.6,falling,-2.05,-2.69,-1.36,260.67,248.71,273.05,365.2,stable,-0.48,-2.91,0.16,424673907274.813,4173944.3105149
14,IL,17,Illinois,17,"Illinois(6,8)",59.3,58.76,59.85,9318.6,falling,-1.83,-2.32,-1.51,66.43,65.56,67.31,4649,falling,-3.81,-5.22,-2.46,54.09,53.39,54.8,4669.6,falling,-1.04,-1.57,-0.67,2.84,2.67,3.01,223.6,falling,-4.88,-6.09,-4.41,2.75,2.53,3,107.6,falling,-5.44,-12.36,-3.53,2.92,2.69,3.17,116,falling,-5.06,-6.88,-4.09,207.16,205.23,209.1,9095,falling,-1.68,-2.14,-1.36,233.17,230.07,236.29,4541.4,falling,-3.84,-5,-2.67,188.09,185.62,190.58,4553.6,falling,-0.92,-1.52,-0.53,17.85,17.54,18.16,2677,falling,-2.24,-2.49,-2,18.34,17.9,18.8,1346,falling,-3.01,-3.24,-2.78,17.4,16.97,17.83,1331,falling,-1.38,-1.75,-1.01,345.84,342.09,349.63,6641.6,falling,-1.79,-2.39,-1.35,398.82,392.66,405.06,3303,falling,-2.61,-3.65,-2.11,307.75,303.05,312.51,3338.6,falling,-0.95,-1.55,-0.5,249655510883.184,2851840.59089733
15,IN,18,Indiana,18,"Indiana(6,8)",,,,,,,,,,,,,,,,,,,,,,,,,,,,,,,,,,,,,,,,,,,,,,,,,,,,,,,,,,,,,,,,,,,,,,,,,,,,,,,,,,,,,,,,,,,,,,,,,,,,,,,,,,,,,,,,,,,,,,,,,159569381312.188,2277940.05000178
16,IA,19,Iowa,19,"Iowa(7,8)",60.7,59.62,61.79,2517.8,falling,-0.9,-2.25,-0.51,69.73,68.03,71.47,1329,falling,-1.41,-1.58,-1.24,53.72,52.33,55.14,1188.8,stable,0.75,-0.2,2.42,3.4,3.02,3.8,60.6,falling,-3.9,-13.86,-1.88,3.49,2.96,4.08,31.4,falling,-2.41,-3.67,-1.31,3.3,2.78,3.88,29.2,falling,-3.96,-11.29,-1.46,210.74,206.98,214.56,2457.2,falling,-0.76,-2.1,-0.42,243.2,237.2,249.31,1297.6,falling,-1.37,-1.54,-1.2,185.76,180.93,190.69,1159.6,rising,0.96,0.07,2.48,19.95,19.28,20.63,734.8,falling,-1.36,-1.61,-1.1,20.64,19.69,21.63,381.4,falling,-2.1,-2.53,-1.68,19.28,18.35,20.24,353.4,falling,-0.45,-0.8,-0.08,342.37,335.21,349.64,1783,falling,-1.03,-1.66,-0.62,409.08,397.33,421.08,947.6,falling,-2.12,-4.17,-1.39,291.83,282.92,300.94,835.4,stable,-0.15,-1,0.46,264810274979.52,2514931.62192835
17,KS,20,Kansas,20,"Kansas(6,8)",52.52,51.45,53.61,1892.4,falling,-1.68,-2.31,-1.36,58.37,56.69,60.08,961.2,falling,-2.22,-2.68,-1.74,48.17,46.76,49.6,931.2,falling,-0.72,-2.51,-0.22,2.66,2.32,3.04,43.2,falling,-7.38,-13.63,-5.77,2.64,2.17,3.19,21.8,stable,6.06,-3.65,15.37,2.68,2.19,3.23,21.4,falling,-4.61,-8.51,-1.48,183.22,179.44,187.06,1849.2,falling,-1.44,-3.67,-1.07,204.41,198.48,210.48,939.4,falling,-2.11,-2.66,-1.55,167.41,162.51,172.43,909.8,stable,0.06,-0.44,0.61,17.12,16.47,17.78,571,falling,-1.9,-2.23,-1.56,17.19,16.28,18.14,284.4,falling,-2.8,-3.36,-2.24,17.06,16.16,18.01,286.6,falling,-0.86,-1.25,-0.44,297.26,290.04,304.61,1321.4,falling,-1.49,-4.03,-1.06,343.02,331.36,354.98,676.8,falling,-2.01,-2.82,-1.19,263.15,254.02,272.52,644.6,falling,-1.06,-4.99,0,348447382863.82,2568332.23931336
18,KY,21,Kentucky,21,"Kentucky(7,8)",84.37,83.29,85.45,4875,falling,-1.8,-2.27,-1.48,97.43,95.7,99.19,2549,falling,-3.62,-5.07,-2.57,74.48,73.11,75.87,2326,falling,-0.66,-1.02,-0.38,5.38,5,5.79,145.8,falling,-6.32,-11.57,-4.28,5.07,4.55,5.64,68.4,falling,-4,-5.35,-2.86,5.69,5.13,6.29,77.4,falling,-6.79,-10.37,-4.73,291.2,287.44,294.99,4729.2,falling,-1.38,-2.31,-1.05,339.27,333.15,345.47,2480.6,falling,-3.45,-5.39,-2.26,254.61,249.87,259.42,2248.6,stable,-0.25,-0.7,0.04,31.86,31.16,32.57,1679.4,falling,-1.4,-1.61,-1.19,33.37,32.35,34.41,861.2,falling,-2.25,-2.64,-1.85,30.5,29.54,31.48,818.2,stable,-0.36,-0.72,0.03,447.3,440.3,454.38,3195.6,falling,-1.89,-2.37,-1.52,540.25,528.48,552.21,1687.8,falling,-3.87,-5.77,-2.6,378.51,369.93,387.23,1507.8,falling,-0.67,-1.27,-0.23,166704336835.414,2731014.73402901
19,LA,22,Louisiana,22,"Louisiana(7,8)",61.48,60.56,62.42,3528.2,falling,-1.89,-2.69,-1.62,75.36,73.82,76.92,1945,falling,-2.3,-2.54,-2.06,50.63,49.5,51.78,1583.2,falling,-1.21,-2.2,-0.82,3.5,3.19,3.83,95.4,stable,-2.38,-5.11,0.28,3.74,3.29,4.23,50.2,falling,-4.75,-5.62,-4.06,3.27,2.85,3.72,45.2,falling,-7.33,-14.13,-5.07,213.32,210.08,216.59,3432.8,falling,-1.66,-2.61,-1.41,262.91,257.48,268.42,1894.8,falling,-2.17,-2.42,-1.92,174.67,170.73,178.67,1538,falling,-0.86,-2.9,-0.39,22.3,21.72,22.89,1201,falling,-1.95,-2.18,-1.72,25.19,24.31,26.1,658.6,falling,-2.68,-3,-2.37,19.65,18.89,20.44,542.4,falling,-0.94,-1.38,-0.48,332.3,326.2,338.47,2327.2,falling,-1.9,-2.54,-1.53,422.12,411.61,432.83,1286.4,falling,-2.14,-2.48,-1.81,264.78,257.56,272.14,1040.8,falling,-1.32,-2.89,-0.74,160747523633.537,16330475.9057184
20,ME,23,Maine,23,"Maine(6,8)",69.26,67.62,70.92,1447,falling,-0.98,-1.27,-0.67,74.31,71.84,76.86,724,falling,-1.99,-2.43,-1.54,65.45,63.27,67.7,723,stable,-0.01,-0.31,0.31,5.24,4.54,6.02,40.6,stable,-1.04,-2.52,0.33,4.64,3.72,5.71,17.8,stable,-1.36,-3.24,0.34,5.82,4.79,7,22.8,stable,-0.49,-2.62,1.5,237.15,231.55,242.85,1406.4,falling,-0.96,-1.28,-0.62,257,248.39,265.83,706.2,falling,-2,-2.52,-1.47,221.9,214.5,229.5,700.2,stable,0.05,-0.19,0.31,24.72,23.64,25.84,443.4,stable,0.77,-1.19,4.77,25.08,23.56,26.7,223.6,falling,-1.27,-2.22,-0.3,24.41,22.9,26.01,219.8,stable,-0.32,-1.13,0.51,377.1,366.6,387.82,1003.6,falling,-1.46,-4.27,-1.01,414.61,398.17,431.56,500.4,falling,-2.28,-2.8,-1.74,349.17,335.49,363.25,503.2,stable,-0.34,-2.53,0.09,170514839452.734,10910976.1037437
21,MD,24,Maryland,24,"Maryland(6,8)",51.81,51.07,52.56,3861.8,falling,-1.92,-2.15,-1.67,56.44,55.26,57.63,1852.6,falling,-2.62,-2.88,-2.35,48.48,47.52,49.46,2009.2,falling,-1.28,-1.55,-0.99,2.66,2.43,2.9,98.8,falling,-5.43,-6.41,-4.62,2.56,2.24,2.91,46.2,falling,-5.73,-7.19,-4.56,2.74,2.42,3.1,52.6,falling,-5.11,-6.91,-3.64,180.64,178.03,183.28,3762.8,falling,-1.73,-1.97,-1.48,197.62,193.45,201.85,1806.2,falling,-2.49,-2.76,-2.21,168.39,165.02,171.81,1956.6,falling,-1.03,-1.37,-0.67,15.83,15.41,16.25,1158.4,stable,-1.89,-2.96,0.42,15.71,15.12,16.33,551,falling,-3.65,-4.1,-3.24,15.94,15.36,16.54,607.4,falling,-2.05,-2.73,-1.36,300.53,295.42,305.71,2703.4,falling,-1.79,-3.47,-1.37,337.92,329.61,346.4,1301.6,falling,-2.26,-2.66,-1.85,273.43,266.99,279.99,1401.8,falling,-1.37,-4.73,-0.14,42422055281.5469,11259618.4421306
22,MA,25,Massachusetts,25,"Massachusetts(7,8)",59.18,58.46,59.91,5292,falling,-1.58,-2.24,-1.29,62.02,60.89,63.15,2446.2,falling,-2.37,-3.69,-2.07,57.6,56.64,58.58,2845.8,falling,-0.99,-1.73,-0.63,2.81,2.58,3.04,117.8,falling,-6.47,-11.1,-5.04,2.33,2.04,2.65,48,falling,-5.21,-6.67,-4.07,3.26,2.92,3.62,69.8,falling,-6.18,-18.5,-3.86,206.81,204.26,209.39,5174.2,falling,-1.39,-2.31,-1.1,218.3,214.32,222.34,2398.2,falling,-2.24,-3.86,-1.89,199.91,196.55,203.32,2776,falling,-0.74,-1.44,-0.41,17.63,17.22,18.05,1488.4,stable,-0.99,-1.98,0.61,16.88,16.31,17.47,692.6,falling,-3.14,-3.5,-2.8,18.34,17.76,18.94,795.8,falling,-1.92,-2.3,-1.55,346.42,341.45,351.45,3803.6,falling,-1.21,-1.64,-0.89,374.02,366.1,382.08,1753.6,falling,-2.1,-2.91,-1.77,329,322.57,335.52,2050,falling,-0.6,-1.18,-0.17,38241352235.7617,5129577.7633636
23,MI,26,Michigan,26,"Michigan(5,8)",59.55,58.96,60.15,7997.6,falling,-1.72,-2.45,-1.5,66.34,65.41,67.29,4057.8,falling,-2.33,-2.57,-2.08,54.46,53.68,55.24,3939.8,falling,-1.04,-2.09,-0.76,3.57,3.35,3.79,204.6,falling,-4.57,-5.39,-4.07,3.5,3.2,3.82,99.6,falling,-4.38,-5.41,-3.54,3.63,3.33,3.96,105,falling,-4.3,-5.38,-3.67,206.32,204.24,208.41,7792.8,falling,-1.57,-2.37,-1.32,231.09,227.8,234.41,3958.2,falling,-2.24,-2.49,-1.97,187.71,185.03,190.43,3834.6,falling,-0.91,-3.36,-0.11,20.61,20.23,20.98,2541.6,falling,-1.71,-1.93,-1.5,21.43,20.89,21.98,1298,falling,-2.32,-2.66,-1.99,19.83,19.32,20.36,1243.6,falling,-1.04,-1.34,-0.73,328.75,324.81,332.73,5456,falling,-1.89,-2.59,-1.58,376.82,370.42,383.29,2759.8,falling,-2.34,-2.62,-2.05,293.8,288.8,298.86,2696.2,falling,-1.22,-4.65,-0.69,294558390754.734,11161114.5456352
24,MN,27,Minnesota,27,"Minnesota(6,8)",54.8,54.01,55.59,3832.4,stable,-0.23,-0.46,0.02,59.15,57.94,60.38,1908.6,falling,-1.01,-1.31,-0.68,51.65,50.6,52.72,1923.8,rising,0.49,0.23,0.79,2.57,2.33,2.83,83.6,falling,-4.62,-8.63,-3.72,2.2,1.89,2.55,36.2,falling,-4.14,-5.53,-3,2.95,2.58,3.35,47.4,falling,-4.27,-12.27,-2.94,191.66,188.88,194.47,3748.4,stable,-0.07,-0.31,0.19,208.36,204.06,212.73,1872.2,falling,-0.89,-1.23,-0.52,179.3,175.63,183.02,1876.2,rising,0.71,0.46,0.98,15.91,15.47,16.36,1066.8,stable,-0.57,-1.52,2.03,15.61,15.01,16.24,526,falling,-2.04,-2.73,-1.33,16.22,15.6,16.87,540.8,stable,-0.52,-2.95,2.08,323.58,318.14,329.09,2765.6,stable,0.26,-0.07,0.63,360.11,351.53,368.85,1382.6,falling,-0.67,-1.17,-0.13,296.53,289.48,303.7,1383,stable,-0.68,-2.52,1.31,458741382591.566,4650343.21590743
25,MS,28,Mississippi,28,"Mississippi(6,8)",69.91,68.69,71.14,2620.6,falling,-0.86,-1.18,-0.52,89.11,87.03,91.22,1484.6,falling,-2.18,-5.18,-1.03,55.25,53.8,56.74,1136,stable,0.21,-0.12,0.56,4.33,3.9,4.79,74.4,falling,-4.79,-5.78,-3.94,4.58,3.95,5.28,38,stable,-3.43,-6.83,5.24,4.09,3.52,4.73,36.4,falling,-3.7,-5.21,-2.34,241.84,237.6,246.14,2546.2,falling,-0.62,-1,-0.21,310.68,303.36,318.14,1446.6,falling,-1.54,-2.02,-1.03,189.42,184.39,194.55,1099.6,rising,0.52,0.03,1.06,25.82,25.04,26.62,882.4,falling,-1.53,-1.84,-1.21,29.95,28.75,31.19,493.8,falling,-2.27,-3.11,-1.43,22.08,21.08,23.13,388.6,stable,0.18,-0.58,2.48,374.67,366.74,382.72,1738.2,falling,-1.17,-2.96,-0.6,498.03,483.9,512.47,990.8,falling,-2.05,-4.5,-1.45,284.54,275.42,293.89,747.4,stable,-0.17,-2.22,0.51,175118760632.791,3851522.03441677
26,MO,29,Missouri,29,"Missouri(6,8)",68.09,67.27,68.91,5509.4,falling,-1.33,-3.32,-0.53,77.25,75.96,78.57,2826.2,falling,-2.12,-2.42,-1.83,61.1,60.05,62.17,2683.2,falling,-0.51,-0.96,-0.27,3.77,3.49,4.07,132.4,falling,-6.34,-13.56,-4.74,3.85,3.45,4.28,67,falling,-4.78,-11.42,-3.83,3.69,3.3,4.11,65.4,falling,-7.11,-13.9,-5.1,236.71,233.85,239.59,5377,falling,-0.99,-1.29,-0.67,269.66,265.09,274.29,2759.2,falling,-2.03,-2.3,-1.75,211.64,207.98,215.34,2617.8,stable,-0.15,-0.6,0.07,23.67,23.16,24.19,1729.2,falling,-1.55,-1.92,-1.16,24.39,23.65,25.15,871.4,falling,-2.43,-2.93,-1.94,23.01,22.3,23.74,857.8,stable,-0.53,-1.04,0.02,375.14,369.76,380.58,3780.2,falling,-1.27,-2.33,-1,442.66,433.8,451.67,1954.8,falling,-2.01,-2.37,-1.63,324.42,317.74,331.21,1825.4,falling,-0.62,-1.09,-0.26,294366137941.727,3041040.52635002
27,MT,30,Montana,30,"Montana(6,8)",47.47,45.89,49.1,715.2,falling,-2.51,-6.43,-1.09,47.81,45.51,50.21,343.6,falling,-3.22,-3.77,-2.67,47.59,45.39,49.87,371.6,falling,-1.14,-2.02,-0.19,2.08,1.59,2.68,12,falling,-9,-9,-9,2.3,1.58,3.22,6.6,falling,-9,-9,-9,1.86,1.23,2.71,5.4,falling,-9,-9,-9,166.43,160.86,172.14,703.2,falling,-4.45,-7.11,-1.95,167.12,159.04,175.51,337,falling,-3.18,-3.62,-2.73,167.42,159.68,175.44,366.2,stable,-0.89,-1.77,0.04,14.08,13.15,15.08,186.8,falling,-2.28,-3.41,-1.14,12.88,11.61,14.25,84.4,falling,-3.25,-5.05,-1.55,15.25,13.89,16.73,102.4,stable,-1.31,-2.75,0.19,278.26,267.58,289.25,528.4,falling,-6.07,-8.74,-3.19,289.32,273.44,305.89,259.2,falling,-3.23,-3.92,-2.55,271.09,256.59,286.19,269.2,falling,-7.18,-11.05,-1.93,820197332873.699,4595239.58314112
28,NE,31,Nebraska,31,"Nebraska(6,8)",52.34,51.01,53.68,1236,falling,-1.21,-1.58,-0.85,57.93,55.88,60.04,632.6,falling,-2.29,-2.81,-1.76,48.08,46.34,49.87,603.4,stable,-0.08,-0.63,0.51,2.46,2.06,2.92,26,falling,-4.49,-6.1,-3.11,2.12,1.6,2.74,11.4,falling,-9,-9,-9,2.82,2.21,3.54,14.6,stable,-3.12,-6.71,0.09,183.02,178.36,187.77,1209.8,falling,-1.06,-1.44,-0.68,204.19,196.91,211.66,621.2,falling,-2.15,-2.7,-1.6,166.66,160.59,172.9,588.6,stable,0.09,-0.48,0.71,16.75,15.96,17.56,363.4,stable,-0.28,-1.24,1.81,16.93,15.83,18.09,185.6,falling,-2.4,-2.91,-1.88,16.59,15.48,17.77,177.8,stable,-0.78,-1.83,0.36,298.35,289.44,307.46,872.6,falling,-2.44,-4.62,-1.22,341.34,327.1,356.04,447,falling,-2.25,-2.93,-1.56,265.71,254.38,277.42,425.6,stable,-0.44,-4.98,1.05,357859229749.102,2918237.67508396
29,NV,32,Nevada,32,"Nevada(6,8)",,,,,,,,,,,,,,,,,,,,,,,,,,,,,,,,,,,,,,,,,,,,,,,,,,,,,,,,,,,,,,,,,,,,,,,,,,,,,,,,,,,,,,,,,,,,,,,,,,,,,,,,,,,,,,,,,,,,,,,,,480292075146.352,3053318.04085156
30,NH,33,New Hampshire,33,"New Hampshire(6,8)",60.75,59.16,62.38,1169.6,falling,-1.33,-3.53,-0.89,63.34,60.93,65.82,560.6,falling,-2.25,-3.18,-1.96,59.38,57.24,61.6,609,stable,-0.33,-0.78,0.16,3.55,2.98,4.19,28.2,falling,-3.93,-6.39,-1.9,3.4,2.63,4.32,13.6,falling,-9,-9,-9,3.7,2.89,4.66,14.6,falling,-5.99,-23.65,-3.18,210.72,205.17,216.38,1141.4,falling,-1.19,-3.41,-0.28,220.45,212,229.15,547,falling,-2.22,-2.68,-1.94,205.38,197.93,213.04,594.4,stable,-0.08,-0.56,0.44,19.14,18.22,20.11,354.2,falling,-1.74,-2.36,-1.1,17.84,16.58,19.19,162.2,falling,-2.58,-3.32,-1.82,20.41,19.08,21.83,192,falling,-0.99,-1.87,-0.05,348.34,337.54,359.4,815.4,falling,-0.89,-1.38,-0.36,377.8,360.95,395.23,398.4,falling,-2.32,-4.69,-1.78,328.79,314.61,343.44,417,stable,-0.04,-0.83,0.83,45908673828.4727,1564813.00042707
31,NJ,34,New Jersey,34,"New Jersey(7,8)",51.35,50.75,51.95,5848.8,falling,-1.9,-2.88,-1.64,55.92,54.97,56.88,2779.6,falling,-2.4,-2.6,-2.21,48.27,47.5,49.05,3069.2,falling,-1.33,-2.24,-0.95,2.55,2.37,2.74,143.8,falling,-4.44,-5.07,-3.92,2.36,2.11,2.63,65.8,falling,-4.81,-5.74,-4.05,2.73,2.47,3.02,78,falling,-5.22,-12.6,-4.26,179.13,177.03,181.25,5705,falling,-1.77,-2.77,-1.49,196.16,192.8,199.56,2713.8,falling,-2.31,-2.54,-2.1,167.51,164.81,170.25,2991.2,falling,-1.11,-2.35,-0.72,14.09,13.76,14.41,1533.8,falling,-3.26,-3.58,-2.97,13.75,13.3,14.22,728.2,falling,-4.02,-4.34,-3.72,14.41,13.96,14.88,805.6,falling,-2.51,-2.86,-2.18,308.92,304.77,313.11,4315,falling,-1.54,-2.21,-1.17,347.4,340.62,354.28,2051.4,falling,-2.24,-3.89,-1.9,282.32,277.08,287.63,2263.6,falling,-0.89,-1.45,-0.49,33393514730.7656,6733387.05457401
32,NM,35,New Mexico,35,"New Mexico(7,8)",33.73,32.75,34.73,936,falling,-4.99,-6.39,-3.7,37.92,36.39,39.5,482.4,falling,-7.16,-9.76,-4.58,30.54,29.27,31.86,453.6,falling,-2.24,-3.29,-1.53,1.46,1.17,1.8,17.2,falling,-6.85,-24.22,-2.22,1.26,0.89,1.72,7.6,falling,-9,-9,-9,1.66,1.22,2.2,9.6,falling,-9,-9,-9,118.24,114.8,121.76,918.8,falling,-4.95,-7.04,-2.7,133.92,128.49,139.53,474.8,falling,-6.98,-8.98,-4.43,106.17,101.74,110.75,444,falling,-1.96,-3.08,-1.25,9.48,8.92,10.07,231,falling,-2.16,-2.5,-1.8,9.05,8.28,9.87,108,falling,-3.92,-9.7,-2.97,9.91,9.11,10.77,123,falling,-1.29,-1.81,-0.72,201.36,194.7,208.2,705,falling,-5.91,-8.01,-3.87,237.5,226.67,248.71,374.4,falling,-7.39,-9.91,-4.25,173.16,164.83,181.8,330.6,falling,-4.45,-7.54,-2.65,464400517339.418,2899388.20805893
33,NY,36,New York,36,"New York(7,8)",55.4,54.98,55.82,13946.4,falling,-1.31,-1.75,-1.08,60.77,60.1,61.43,6724,falling,-2.19,-3.32,-1.85,51.67,51.12,52.21,7222.4,falling,-0.6,-1.12,-0.33,3.41,3.26,3.57,404.8,stable,0.11,-2.61,2.1,3.27,3.06,3.48,189.6,stable,1.16,-3.29,3.6,3.55,3.34,3.77,215.2,falling,-2.65,-3.37,-2.01,191.52,190.06,192.99,13541.6,falling,-1.22,-1.77,-0.95,211.33,209,213.68,6534.4,falling,-2.17,-3.43,-1.79,177.66,175.78,179.55,7007.2,falling,-0.4,-0.67,-0.01,17.78,17.52,18.03,4086.4,stable,-0.91,-1.56,0.07,17.94,17.58,18.3,1991.8,falling,-1.48,-2.3,-0.28,17.63,17.29,17.99,2094.6,stable,-0.19,-1.13,0.81,315.45,312.64,318.28,9860,falling,-1.2,-1.67,-0.87,356.82,352.22,361.46,4732.2,falling,-2.2,-3.18,-1.72,286.9,283.36,290.48,5127.8,falling,-0.45,-0.99,-0.07,234808920280.246,8369300.24792061
34,NC,37,North Carolina,37,"North Carolina(6,8)",62.75,62.14,63.37,8319.4,falling,-2.27,-2.79,-1.68,74.38,73.37,75.4,4384,falling,-3.37,-4.2,-2.59,53.98,53.21,54.75,3935.4,falling,-0.45,-0.81,-0.21,3.61,3.4,3.82,229.6,falling,-5.34,-5.95,-4.89,3.77,3.47,4.09,116.6,falling,-5.78,-7.3,-5.11,3.46,3.17,3.75,113,falling,-5.1,-6.15,-4.43,217.81,215.66,219.97,8089.6,falling,-2.14,-2.63,-1.56,259.47,255.91,263.07,4267.4,falling,-3.31,-4.19,-2.53,186.43,183.76,189.12,3822.2,stable,-0.16,-0.57,0.09,21.05,20.68,21.43,2548.6,falling,-3.44,-4.39,-2.42,22.78,22.22,23.35,1323.2,falling,-3.03,-5.32,-2.69,19.5,19,20.01,1225.4,falling,-0.89,-1.34,-0.42,351.03,346.94,355.16,5770.8,falling,-2.07,-2.73,-1.57,431.07,424.1,438.13,3060.8,falling,-2.86,-4.43,-1.82,292.28,287.33,297.29,2710,stable,-0.23,-0.87,0.13,193385320669.463,12303786.6639061
35,ND,38,North Dakota,38,"North Dakota(6,8)",56.15,53.93,58.45,503.2,stable,-0.15,-0.96,0.71,60.88,57.52,64.39,257.6,falling,-1.29,-2.11,-0.43,52.89,49.89,56.03,245.6,rising,2.13,0.95,5.86,2.85,2.14,3.7,11,falling,-9,-9,-9,1.97,1.2,3.02,4,falling,-9,-9,-9,3.82,2.66,5.29,7,falling,-9,-9,-9,195.86,188.05,203.92,492.2,stable,-0.05,-0.92,0.88,215.24,203.28,227.71,253.6,falling,-1.19,-2.11,-0.25,181.57,171.19,192.4,238.6,stable,2.11,-3.36,7.04,16.61,15.33,17.96,137.4,stable,-1.43,-3.07,0.3,15.42,13.75,17.25,66.6,stable,-1.68,-3.45,0.2,17.88,15.98,19.96,70.8,stable,1.52,-1.36,10.48,329.49,314.32,345.2,365.8,stable,0.35,-0.3,1.04,375.08,351.26,400.09,191,falling,-1.16,-2.04,-0.26,294.88,275.28,315.47,174.8,rising,2.13,0.94,3.49,400350583311.395,3107319.24212283
36,OH,39,Ohio,39,"Ohio(6,8)",64.74,64.17,65.32,10062.2,falling,-1.19,-1.54,-1.03,74.78,73.85,75.72,5243,falling,-1.97,-2.23,-1.83,57.09,56.36,57.84,4819.2,falling,-0.22,-0.42,0,4.33,4.11,4.56,293.8,falling,-4.49,-9.98,-3.34,4.43,4.11,4.76,148.4,falling,-3.19,-3.84,-2.61,4.24,3.94,4.56,145.4,falling,-6.09,-15.87,-3.55,223.14,221.13,225.16,9768.4,falling,-1.04,-1.45,-0.88,259.22,255.97,262.5,5094.6,falling,-1.86,-2.13,-1.72,195.71,193.17,198.27,4673.8,stable,-0.03,-0.22,0.18,23.76,23.38,24.13,3341.6,stable,-0.59,-3.04,1.38,25.31,24.76,25.87,1742.8,stable,-1.07,-1.68,0.44,22.3,21.79,22.81,1598.8,stable,-0.1,-0.5,0.34,348.05,344.29,351.83,6720.6,falling,-1.04,-1.42,-0.33,416.75,410.48,423.09,3500.2,falling,-2.19,-2.41,-2.02,297.62,292.99,302.3,3220.4,stable,0.61,-0.56,1.61,183887178642.734,2985450.28546258
37,OK,40,Oklahoma,40,"Oklahoma(6,8)",63.18,62.17,64.2,3074.4,falling,-1.71,-2.1,-1.31,73.06,71.44,74.7,1624.2,falling,-2.43,-2.78,-2.08,55.46,54.17,56.77,1450.2,falling,-0.96,-1.44,-0.46,3.45,3.11,3.8,78.4,stable,0.95,-5.38,6.09,3.11,2.67,3.6,35.8,falling,-5.8,-7.91,-4.12,3.78,3.29,4.32,42.6,stable,5.72,-2.75,12.32,219.76,216.21,223.35,2996,falling,-1.54,-1.95,-1.12,256.37,250.66,262.19,1588.4,falling,-2.29,-2.7,-1.87,190.97,186.49,195.54,1407.6,falling,-0.77,-1.16,-0.37,21.71,21.08,22.35,955.6,stable,-1.27,-4.29,1.25,22.63,21.73,23.57,494,falling,-3.22,-3.61,-2.84,20.89,20.02,21.79,461.6,stable,0.24,-0.7,2.11,349.82,343.13,356.6,2118.8,falling,-1.39,-1.79,-0.97,421.59,410.5,432.91,1130.2,falling,-2.13,-2.69,-1.56,294.41,286.2,302.79,988.6,falling,-0.71,-1.18,-0.21,274421350712.707,3293609.03439353
38,OR,41,Oregon,41,"Oregon(6,8)",49.1,48.26,49.94,2735.8,falling,-3.6,-5.06,-2.23,51.92,50.65,53.22,1331.6,falling,-2.77,-3.11,-2.42,47.04,45.92,48.18,1404.2,falling,-2.34,-3.86,-1.76,2.32,2.06,2.6,59.4,falling,-4.22,-5.5,-3.11,2.19,1.84,2.58,28.2,falling,-4.71,-6.43,-3.24,2.46,2.09,2.88,31.2,falling,-3.76,-5.58,-2.18,171.69,168.74,174.68,2676.4,falling,-3.64,-5.16,-2.2,182.25,177.75,186.84,1303.4,falling,-2.7,-3.04,-2.36,163.9,159.98,167.9,1373,falling,-3.6,-4.91,-1.88,14.2,13.72,14.7,701.2,stable,-1.55,-2.47,0.54,14.18,13.5,14.89,342.6,falling,-2.92,-3.66,-2.21,14.26,13.58,14.96,358.6,stable,-0.87,-2.61,1.95,290.27,284.56,296.06,2034.6,falling,-4.05,-6.04,-2.62,312.78,303.92,321.84,989,falling,-5.07,-7.99,-2.7,273.64,266.16,281.28,1045.6,falling,-2.78,-4.42,-1.94,484474319868.551,5300134.1698119
39,PA,42,Pennsylvania,42,"Pennsylvania(6,8)",59.54,59.03,60.06,10742.4,falling,-1.28,-1.58,-1.12,67.3,66.49,68.13,5445,falling,-2.14,-2.58,-1.98,53.94,53.27,54.61,5297.4,falling,-0.46,-1.74,-0.18,3.55,3.36,3.75,261.4,stable,-1.82,-6.41,2.38,3.24,2.98,3.51,118.4,stable,-0.88,-3.19,3.5,3.86,3.58,4.15,143,falling,-3.56,-10.2,-2.71,206.33,204.54,208.13,10480.8,falling,-1.12,-1.58,-0.96,235.22,232.34,238.11,5326.4,falling,-2.03,-2.6,-1.87,185.27,182.98,187.58,5154.4,stable,-0.24,-1.88,0.06,20.05,19.73,20.38,3194.4,stable,-0.81,-1.26,0.04,20.18,19.72,20.64,1584.8,stable,-0.7,-2.8,0.55,19.95,19.5,20.41,1609.6,falling,-0.54,-0.82,-0.25,332.51,329.13,335.92,7548,falling,-1.19,-1.59,-0.95,393.07,387.46,398.74,3860.2,falling,-2.21,-2.91,-1.89,288.87,284.66,293.12,3687.8,falling,-0.4,-0.81,-0.12,205385932699.137,2306222.77562529
40,RI,44,Rhode Island,44,"Rhode Island(6,8)",63.87,61.99,65.8,910.4,falling,-3.07,-5.28,-0.88,70.13,67.16,73.2,442,falling,-1.76,-2.34,-1.17,59.69,57.24,62.23,468.4,falling,-3.28,-5.75,-0.66,3.62,2.97,4.38,21.6,falling,-4.72,-6.83,-3.02,3.71,2.79,4.83,11,falling,-9,-9,-9,3.55,2.65,4.65,10.6,falling,-9,-9,-9,221.82,215.23,228.55,888.8,falling,-2.9,-5.01,-0.72,244.22,233.78,255.01,431,falling,-1.63,-2.16,-1.08,206.88,198.34,215.68,457.8,falling,-3.28,-5.79,-0.74,20.29,19.18,21.47,267.6,falling,-2.04,-2.91,-1.18,20.04,18.46,21.74,127.4,falling,-2.7,-3.74,-1.67,20.54,18.98,22.21,140.2,falling,-1.43,-2.15,-0.68,365.1,352.39,378.14,642.8,stable,-0.25,-0.88,0.42,416.32,395.62,437.81,314.6,falling,-1.41,-2.05,-0.75,330.3,314.24,346.95,328.2,falling,-3.64,-6.81,-0.16,4991564615.12891,1425870.12602707
41,SC,45,South Carolina,45,"South Carolina(6,8)",58.65,57.83,59.48,4072.8,falling,-2.11,-4.28,-1.66,70.84,69.49,72.22,2214.2,falling,-3.74,-6.08,-2.39,49.08,48.07,50.11,1858.6,falling,-1.67,-4.04,-0.75,3.66,3.36,3.98,108.2,falling,-5.49,-12.43,-4.49,3.68,3.25,4.15,52.8,falling,-6.03,-7.02,-5.21,3.64,3.22,4.1,55.4,falling,-4.69,-6.34,-3.88,202.83,199.97,205.73,3964.6,falling,-2.28,-4.17,-1.57,246.89,242.13,251.73,2161.4,falling,-3.71,-5.98,-2.38,168.25,164.74,171.81,1803.2,falling,-1.37,-4.21,-0.38,21.14,20.6,21.68,1275.8,falling,-3.92,-5.24,-2.58,23.63,22.82,24.47,679.2,falling,-3.1,-3.45,-2.76,18.93,18.23,19.66,596.6,falling,-2.88,-4.7,-1.08,317.95,312.62,323.36,2797,falling,-2.05,-2.81,-1.59,397.18,388.08,406.45,1535,falling,-2.83,-6.56,-1.73,257.47,251.08,263.98,1262,falling,-1.8,-3.87,-0.7,116198446238.063,8523017.31615766
42,SD,46,South Dakota,46,"South Dakota(6,8)",55.85,53.87,57.89,628.6,falling,-0.48,-0.78,-0.17,59.99,56.98,63.13,314.4,falling,-1.91,-2.35,-1.45,53.26,50.59,56.05,314.2,rising,1.18,0.54,1.92,2,1.46,2.66,9.2,falling,-9,-9,-9,1.93,1.22,2.88,4.6,falling,-9,-9,-9,2.06,1.31,3.07,4.6,falling,-9,-9,-9,196.96,189.94,204.18,619.4,stable,-0.32,-0.62,0.01,212.12,201.41,223.26,309.8,falling,-1.81,-2.23,-1.37,187.44,178.02,197.23,309.6,rising,1.46,0.75,2.28,15.26,14.18,16.42,160.2,falling,-1.94,-2.64,-1.21,14.21,12.74,15.81,74.2,falling,-3.36,-4.5,-2.23,16.31,14.74,18.01,86,stable,-0.42,-1.47,0.71,336.39,322.65,350.56,468.4,stable,0.03,-0.49,0.6,376.48,355,398.92,240.2,falling,-1.5,-2.22,-0.75,308.72,290.71,327.53,228.2,rising,1.87,1.23,2.6,391979250373.91,2953194.56012064
43,TN,47,Tennessee,47,"Tennessee(6,8)",69.66,68.87,70.47,6102.2,falling,-1.06,-1.3,-0.86,82.75,81.45,84.07,3265.2,falling,-2.11,-2.41,-1.86,59.6,58.61,60.61,2837,stable,-0.01,-1.99,0.35,4.31,4.03,4.6,176.6,falling,-4.48,-9.8,-3.76,4.27,3.87,4.69,86,falling,-5.52,-10.63,-4.66,4.35,3.96,4.77,90.6,falling,-3.74,-5.16,-2.93,241,238.23,243.81,5925.4,falling,-0.85,-1.14,-0.63,288.45,283.87,293.1,3179,falling,-1.96,-2.27,-1.7,204.51,201.06,208,2746.4,stable,0.23,-2.12,0.87,25.59,25.08,26.1,2029.2,falling,-1.44,-1.8,-1.05,27.61,26.85,28.39,1057.6,falling,-2.45,-5.44,-1.54,23.75,23.07,24.45,971.6,stable,-0.43,-0.88,0.05,374.35,369.16,379.59,4073,falling,-0.82,-1.16,-0.52,463.91,455.07,472.87,2207.6,falling,-1.97,-2.43,-1.6,307.44,301.17,313.8,1865.4,stable,-0.11,-0.65,0.32,166420531221.633,2618057.82021227
44,TX,48,Texas,48,"Texas(6,8)",46.45,46.1,46.81,13468.4,falling,-2.66,-2.86,-2.51,55.08,54.49,55.67,7197.4,falling,-3.37,-3.62,-3.22,39.73,39.28,40.18,6271,falling,-1.96,-2.22,-1.77,2.05,1.96,2.15,372,falling,-5.91,-6.5,-5.55,1.97,1.84,2.11,178.4,falling,-6.34,-7.06,-5.75,2.13,2,2.27,193.6,falling,-5.43,-6.48,-4.77,162.73,161.46,164,13096.4,falling,-2.53,-2.76,-2.37,194.14,192.05,196.25,7019,falling,-3.25,-3.48,-3.11,138.18,136.61,139.76,6077.4,falling,-1.75,-2.08,-1.56,13.11,12.93,13.3,3915,falling,-3.19,-3.53,-2.24,13.95,13.68,14.22,2047.2,falling,-4.34,-4.61,-4.09,12.34,12.09,12.6,1867.8,falling,-2.53,-2.71,-2.35,276.94,274.43,279.47,9553.4,falling,-2.37,-2.62,-2.17,339.38,335.15,343.65,5150.2,falling,-3.01,-3.19,-2.86,229.06,226.01,232.14,4403.2,falling,-1.82,-2.13,-1.56,947442953745.406,16350301.2836809
45,UT,49,Utah,49,"Utah(7,8)",24.86,24.03,25.72,693,falling,-0.89,-1.16,-0.59,28.2,26.89,29.55,365.4,falling,-1.89,-2.2,-1.56,22.14,21.06,23.25,327.6,stable,0.34,-0.09,0.84,1.37,1.15,1.63,26.4,falling,-2.13,-3.52,-0.75,1.09,0.82,1.43,10.8,falling,-9,-9,-9,1.66,1.31,2.08,15.6,stable,-0.58,-2.01,0.96,86.37,83.41,89.4,666.6,falling,-0.82,-1.09,-0.53,99.18,94.51,104.02,354.6,falling,-1.81,-2.13,-1.48,75.75,71.99,79.66,312,stable,0.4,0,0.87,7.36,6.91,7.84,204.2,falling,-1.99,-2.36,-1.6,7.1,6.48,7.76,98.4,falling,-3.03,-3.51,-2.52,7.64,7,8.34,105.8,falling,-0.73,-1.22,-0.16,145.81,140.01,151.79,488.8,falling,-0.45,-0.71,-0.16,174.06,164.68,183.84,267,falling,-1.51,-1.9,-1.08,122.32,115.16,129.82,221.8,rising,0.85,0.25,1.55,368290127869.172,2556973.7575287
46,VT,50,Vermont,50,"Vermont(6,8)",56.25,54.04,58.55,517.2,falling,-2.27,-3.09,-1.68,60.94,57.57,64.48,262.2,falling,-2.58,-6.21,-1.3,52.69,49.75,55.79,255,falling,-2.03,-3.38,-1.08,4.3,3.37,5.4,14.8,stable,-2.37,-6.11,0.82,4.36,3.06,6.01,7.4,falling,-9,-9,-9,4.25,2.98,5.86,7.4,falling,-9,-9,-9,192.51,184.9,200.36,502.4,falling,-2.19,-3.03,-1.57,209.33,197.65,221.52,254.8,falling,-2.07,-2.69,-1.42,179.76,169.69,190.27,247.6,falling,-1.82,-3,-0.92,20.68,19.21,22.25,165,stable,-0.95,-2.02,0.13,21.26,19.16,23.56,83.8,stable,-0.98,-2.3,0.39,20.13,18.11,22.36,81.2,stable,-0.88,-2.75,0.99,302.16,287.97,316.87,352.2,falling,-2.69,-4.56,-1.75,335.23,312.99,358.64,178.4,falling,-3.77,-11.24,-1.41,277.76,259.31,297.16,173.8,falling,-2.17,-4.33,-0.87,48273802597.0586,1270704.36928637
47,VA,51,Virginia,51,"Virginia(6,8)",52.08,51.46,52.72,5455.2,falling,-2.2,-2.77,-1.9,59.58,58.58,60.6,2814.4,falling,-3.1,-5.15,-2.75,46.34,45.54,47.15,2640.8,falling,-1.4,-1.95,-1.07,2.84,2.63,3.05,148.8,falling,-6.52,-10.24,-5.24,2.61,2.34,2.91,67.6,falling,-7.36,-16.06,-6.02,3.05,2.76,3.37,81.2,falling,-5.23,-12.62,-3.73,181.17,178.97,183.4,5306.2,falling,-2.05,-2.76,-1.73,208.9,205.33,212.52,2746.8,falling,-2.96,-4.85,-2.6,159.82,157.03,162.64,2559.4,falling,-1.24,-2.09,-0.86,17.08,16.71,17.45,1707,falling,-2.21,-2.61,-1.8,17.85,17.32,18.41,870.8,falling,-3.08,-3.55,-2.61,16.37,15.87,16.89,836.2,falling,-1.14,-1.48,-0.77,294.07,289.82,298.36,3748.2,falling,-2.14,-2.78,-1.78,348.03,341,355.17,1943.6,falling,-3.02,-5.06,-2.63,253.48,248.23,258.82,1804.6,falling,-1.48,-2.24,-1.03,164705867160.168,11925678.370904
48,WA,53,Washington,53,"Washington(5,8)",49.37,48.71,50.03,4455.4,falling,-2.63,-4.31,-2.16,52.22,51.21,53.24,2169.4,falling,-4.17,-5.96,-2.9,47.35,46.47,48.24,2286,falling,-1.66,-3.44,-1.19,2.17,1.99,2.37,100.2,falling,-5.1,-13.31,-3.84,1.78,1.54,2.04,41.8,falling,-7.58,-16.7,-5.49,2.58,2.29,2.9,58.4,falling,-3.65,-4.9,-2.53,173.05,170.71,175.41,4355.2,falling,-2.52,-4.11,-2.05,184.38,180.79,188.03,2127.6,falling,-4.01,-5.84,-2.74,164.7,161.6,167.84,2227.6,falling,-1.55,-2.66,-1.28,13.83,13.48,14.2,1205.6,falling,-2.13,-2.98,-0.09,13.24,12.75,13.74,574.4,falling,-3.21,-3.79,-2.64,14.44,13.93,14.97,631.2,stable,-0.5,-1.59,2.35,294.98,290.38,299.63,3249.8,falling,-2.88,-4.47,-2.23,321.65,314.45,328.98,1595,falling,-3.44,-5.91,-2.63,274.8,268.82,280.89,1654.8,falling,-1.9,-2.37,-1.57,381165859951.477,9756962.79413097
49,WV,54,West Virginia,54,"West Virginia(6,8)",75.74,74.25,77.26,2053.2,falling,-1.08,-1.43,-0.72,84.71,82.4,87.08,1074.4,falling,-2,-2.48,-1.5,68.69,66.73,70.71,978.8,stable,-0.15,-0.84,0.55,5.67,5.04,6.35,60.4,falling,-4.51,-11.19,-3.05,5.09,4.27,6.02,27.4,falling,-3.31,-5.14,-1.73,6.25,5.33,7.29,33,falling,-5.08,-14.18,-2.93,259.47,254.32,264.7,1992.6,falling,-0.96,-1.34,-0.56,293.46,285.38,301.7,1047,falling,-1.92,-2.51,-1.33,232.4,225.72,239.24,945.6,stable,0.03,-0.6,0.69,31,29.94,32.1,695,stable,0.54,-1.88,3.08,31.11,29.62,32.67,349.2,falling,-1.55,-2.02,-1.07,30.98,29.47,32.56,345.8,rising,0.69,0.13,1.31,384.98,375.78,394.36,1358.2,falling,-1.76,-5.46,-0.89,455.2,440.18,470.61,725.2,falling,-2.57,-5.95,-1.45,329.38,317.91,341.16,633,stable,-0.65,-1.39,0.13,103045398112.664,2585346.11423231
50,WI,55,Wisconsin,55,"Wisconsin(6,8)",57.08,56.32,57.86,4410.6,falling,-0.91,-1.86,-0.63,63.14,61.95,64.35,2256.2,falling,-1.43,-1.7,-1.15,52.43,51.42,53.45,2154.4,stable,-0.15,-1.07,0.13,2.85,2.6,3.12,95,falling,-5.26,-6.98,-4.38,2.69,2.35,3.07,45.6,falling,-3.73,-4.94,-2.7,3.01,2.64,3.41,49.4,falling,-7.29,-14.99,-4.86,199.24,196.54,201.96,4315.6,falling,-0.45,-0.6,-0.3,221.56,217.34,225.83,2210.6,falling,-1.34,-1.6,-1.06,181.99,178.48,185.55,2105,rising,0.38,0.04,0.75,17.73,17.28,18.19,1290.8,stable,-0.14,-1.3,1.62,17.9,17.27,18.55,652.2,stable,-0.5,-2.1,1.91,17.57,16.94,18.22,638.6,stable,0.75,-1.5,3.15,329.11,323.9,334.39,3119.8,falling,-0.94,-1.47,-0.57,375.87,367.53,384.36,1604,falling,-1.14,-1.43,-0.83,293.37,286.71,300.13,1515.8,stable,-0.62,-1.87,0.12,287181496310.398,4533758.44678205
51,WY,56,Wyoming,56,"Wyoming(6,8)",40.43,38.36,42.59,302,falling,-1.94,-2.61,-1.25,42.08,39.03,45.3,152,falling,-2.85,-3.63,-2.03,39.49,36.64,42.52,150,falling,-1.06,-1.99,-0.05,2.04,1.4,2.86,6.6,falling,-9,-9,-9,0,0,0,0,,0,0,0,2.68,1.66,4.09,4.2,falling,-9,-9,-9,141.07,133.8,148.65,295.4,falling,-1.85,-2.77,-0.9,148.55,137.73,159.99,149.6,falling,-2.71,-3.51,-1.87,136.02,126.12,146.49,145.8,falling,-1.03,-1.99,-0.01,12.2,11.01,13.49,85.4,falling,-2.58,-4.11,-1.08,11.1,9.55,12.85,40.4,falling,-3.71,-5.01,-2.43,13.35,11.57,15.35,45,stable,-1.45,-3.42,0.61,235.61,221.53,250.35,216.6,falling,-1.73,-2.39,-1.04,256.2,234.79,279.05,111.6,falling,-2.6,-3.5,-1.65,220.24,201.52,240.21,105,stable,-0.92,-1.92,0.13,474193772887.504,2776688.05226924
